{"cameraMode":{"drawMode":0,"name":"Shaded","section":"Shading Mode"},"sceneLighting":false,"audioPlay":false,"sceneViewState":{"showFog":true,"showMaterialUpdate":false,"showSkybox":false,"showFlares":true,"showImageEffects":true,"showParticleSystems":true},"in2DMode":false,"pivot":{"x":36.970001220703128,"y":4.144876480102539,"z":-13.609999656677246},"rotation":{"x":-0.012104309163987637,"y":0.7222543954849243,"z":-0.01263512670993805,"w":-0.6914283633232117},"size":3.459737539291382,"orthographic":false}