{"cameraMode":{"drawMode":0,"name":"Shaded","section":"Shading Mode"},"sceneLighting":true,"audioPlay":false,"sceneViewState":{"showFog":true,"showMaterialUpdate":false,"showSkybox":true,"showFlares":true,"showImageEffects":true,"showParticleSystems":true},"in2DMode":false,"pivot":{"x":-41.35002517700195,"y":15.667150497436524,"z":-16.16570281982422},"rotation":{"x":-0.03118554875254631,"y":0.7702745795249939,"z":-0.037768080830574039,"w":-0.6358579397201538},"size":24.525691986083986,"orthographic":false}