{"cameraMode":{"drawMode":0,"name":"Shaded","section":"Shading Mode"},"sceneLighting":true,"audioPlay":false,"sceneViewState":{"showFog":true,"showMaterialUpdate":false,"showSkybox":true,"showFlares":true,"showImageEffects":true,"showParticleSystems":true},"in2DMode":false,"pivot":{"x":65.43095397949219,"y":-14.69940185546875,"z":-92.96536254882813},"rotation":{"x":-0.0004764720506500453,"y":0.9934108853340149,"z":-0.11474701762199402,"w":-0.004568364005535841},"size":79.55218505859375,"orthographic":false}