{"cameraMode":{"drawMode":0,"name":"Shaded","section":"Shading Mode"},"sceneLighting":true,"audioPlay":false,"sceneViewState":{"showFog":true,"showMaterialUpdate":false,"showSkybox":true,"showFlares":true,"showImageEffects":true,"showParticleSystems":true},"in2DMode":false,"pivot":{"x":-164.07781982421876,"y":-132.98068237304688,"z":452.8892517089844},"rotation":{"x":0.15279877185821534,"y":-0.17889899015426637,"z":0.02813871204853058,"w":0.9715288877487183},"size":266.8095397949219,"orthographic":false}