{"cameraMode":{"drawMode":0,"name":"Shaded","section":"Shading Mode"},"sceneLighting":false,"audioPlay":false,"sceneViewState":{"showFog":true,"showMaterialUpdate":false,"showSkybox":false,"showFlares":true,"showImageEffects":true,"showParticleSystems":true},"in2DMode":false,"pivot":{"x":-22.899991989135743,"y":6.068774223327637,"z":16.999998092651368},"rotation":{"x":-0.12840618193149568,"y":0.6367073655128479,"z":-0.10863789170980454,"w":-0.7525582313537598},"size":3.6412081718444826,"orthographic":false}