{"cameraMode":{"drawMode":0,"name":"Shaded","section":"Shading Mode"},"sceneLighting":false,"audioPlay":false,"sceneViewState":{"showFog":true,"showMaterialUpdate":false,"showSkybox":false,"showFlares":true,"showImageEffects":true,"showParticleSystems":true},"in2DMode":false,"pivot":{"x":35.937198638916019,"y":4.109348297119141,"z":-12.163115501403809},"rotation":{"x":-0.08345893025398255,"y":0.6610002517700195,"z":-0.07433876395225525,"w":-0.7420409917831421},"size":3.459737539291382,"orthographic":false}