{"cameraMode":{"drawMode":0,"name":"Shaded","section":"Shading Mode"},"sceneLighting":true,"audioPlay":false,"sceneViewState":{"showFog":true,"showMaterialUpdate":false,"showSkybox":true,"showFlares":true,"showImageEffects":true,"showParticleSystems":true},"in2DMode":false,"pivot":{"x":-42.56644058227539,"y":17.75543975830078,"z":4.109496116638184},"rotation":{"x":-0.14155997335910798,"y":0.6893457174301148,"z":-0.14009274542331696,"w":-0.696547269821167},"size":18.592288970947267,"orthographic":false}