{"cameraMode":{"drawMode":0,"name":"Shaded","section":"Shading Mode"},"sceneLighting":false,"audioPlay":false,"sceneViewState":{"showFog":true,"showMaterialUpdate":false,"showSkybox":false,"showFlares":true,"showImageEffects":true,"showParticleSystems":true},"in2DMode":false,"pivot":{"x":0.1790582686662674,"y":-0.030242159962654115,"z":0.1920349895954132},"rotation":{"x":0.07664377242326737,"y":-0.6783232688903809,"z":0.07148640602827072,"w":0.7272531390190125},"size":3.282071352005005,"orthographic":false}