{"cameraMode":{"drawMode":0,"name":"Shaded","section":"Shading Mode"},"sceneLighting":true,"audioPlay":false,"sceneViewState":{"showFog":true,"showMaterialUpdate":false,"showSkybox":true,"showFlares":true,"showImageEffects":true,"showParticleSystems":true},"in2DMode":false,"pivot":{"x":59.47016906738281,"y":7.778373718261719,"z":8.332212448120118},"rotation":{"x":-0.014492289163172245,"y":-0.7080960273742676,"z":0.014495057053864003,"w":-0.7058559656143189},"size":42.091861724853519,"orthographic":false}